"Inner_Iter",    "rms[Rho]"    ,    "rms[RhoU]"   ,    "rms[RhoV]"   ,    "rms[RhoW]"   ,    "rms[RhoE]"   ,    "RefForce"    ,       "CD"       ,       "CL"       ,       "CSF"      ,       "CMx"      ,       "CMy"      ,       "CMz"      ,       "CFx"      ,       "CFy"      ,       "CFz"      ,      "CEff"      
           0,      -3.225263162,      -3.010194162,      -3.557556436,      -3.498972629,      -1.779360788,              61.2,      0.3206716524,    0.004390460067,    0.001152895014,   -0.001787610388,      0.1347612114,    0.007735837243,      0.3206716524,    0.001152895014,    0.004390460067,     0.01369145053
