"Inner_Iter",    "rms[Rho]"    ,    "rms[RhoU]"   ,    "rms[RhoV]"   ,    "rms[RhoW]"   ,    "rms[RhoE]"   ,    "RefForce"    ,       "CD"       ,       "CL"       ,       "CSF"      ,       "CMx"      ,       "CMy"      ,       "CMz"      ,       "CFx"      ,       "CFy"      ,       "CFz"      ,      "CEff"      
           0,      -3.225263162,      -3.010194162,      -3.557556436,      -3.498972629,      -1.779360788,              61.2,      0.3196449352,    0.004592949429,   0.0006249290976,   -0.002188869966,      0.1319404755,    0.007248300947,      0.3196449352,   0.0006249290976,    0.004592949429,     0.01436891039
           1,      -3.007471554,      -2.988917908,      -3.061689163,      -3.030943609,      -1.552723301,              61.2,      0.5613422644,     0.01682234278,    0.001294867194,   -0.003056124203,      0.2018503248,     0.01138207565,      0.5613422644,    0.001294867194,     0.01682234278,     0.02996806735
           2,      -3.102387105,      -2.900584349,       -2.82416997,      -2.795565635,      -1.645136762,              61.2,      0.7225134958,     0.03227208439,    0.001410960969,   -0.002354924133,      0.2138587496,     0.01010871886,      0.7225134958,    0.001410960969,     0.03227208439,     0.04466641049
           3,      -3.225608826,      -2.834507148,      -2.732209076,      -2.702143854,      -1.767712846,              61.2,      0.7904392407,     0.05021479496,   0.0009824483215,  -0.0002316934859,      0.1731569066,    0.003709842746,      0.7904392407,   0.0009824483215,     0.05021479496,     0.06352771013
